/*
 Navicat MySQL Data Transfer

 Source Server         : localhost
 Source Server Type    : MySQL
 Source Server Version : 80019
 Source Host           : localhost:3306
 Source Schema         : gf-vue-admin

 Target Server Type    : MySQL
 Target Server Version : 80019
 File Encoding         : 65001

 Date: 08/08/2020 17:32:39
*/

SET NAMES utf8mb4;
SET FOREIGN_KEY_CHECKS = 0;

-- ----------------------------
-- Table structure for admins
-- ----------------------------
DROP TABLE IF EXISTS `admins`;
CREATE TABLE `admins` (
  `id` int unsigned NOT NULL AUTO_INCREMENT COMMENT '自增ID',
  `create_at` timestamp NULL DEFAULT NULL COMMENT '创建时间',
  `update_at` timestamp NULL DEFAULT NULL COMMENT '更新时间',
  `delete_at` timestamp NULL DEFAULT NULL COMMENT '删除时间',
  `uuid` varchar(255) DEFAULT NULL COMMENT '用户唯一标识UUID',
  `nickname` varchar(255) DEFAULT 'QMPlusUser' COMMENT '用户昵称',
  `header_img` varchar(255) DEFAULT 'http://www.henrongyi.top/avatar/lufu.jpg' COMMENT '用户头像',
  `authority_id` varchar(255) DEFAULT '888' COMMENT '用户角色ID',
  `username` varchar(255) DEFAULT NULL COMMENT '用户名',
  `password` varchar(255) DEFAULT NULL COMMENT '用户登录密码',
  PRIMARY KEY (`id`),
  KEY `idx_admins_deleted_at` (`delete_at`)
) ENGINE=InnoDB AUTO_INCREMENT=12 DEFAULT CHARSET=utf8;

-- ----------------------------
-- Records of admins
-- ----------------------------
BEGIN;
INSERT INTO `admins` VALUES (1, '2020-07-22 16:41:27', '2020-07-28 15:22:20', NULL, 'b4c54e5a-d015-4f8c-9f01-624c527a63ae', '超级管理员', 'http://qmplusimg.henrongyi.top/1571627762timg.jpg', '888', 'admin', '$2a$10$zF5PNCWobve/0RBk.3k03eAGwyvDevFBFd3AZUwETjMhYpZwNooba');
INSERT INTO `admins` VALUES (2, '2020-07-22 16:41:27', '2020-07-28 15:25:27', NULL, 'fd6ef79b-944c-4888-8377-abe2d2608858', 'QMPlusUser', 'http://qmplusimg.henrongyi.top/1572075907logo.png', '9528', 'a303176530', '$2a$10$zF5PNCWobve/0RBk.3k03eAGwyvDevFBFd3AZUwETjMhYpZwNooba');
COMMIT;

-- ----------------------------
-- Table structure for apis
-- ----------------------------
DROP TABLE IF EXISTS `apis`;
CREATE TABLE `apis` (
  `id` int unsigned NOT NULL AUTO_INCREMENT COMMENT '自增ID',
  `create_at` timestamp NULL DEFAULT NULL COMMENT '创建时间',
  `update_at` timestamp NULL DEFAULT NULL COMMENT '更新时间',
  `delete_at` timestamp NULL DEFAULT NULL COMMENT '删除时间',
  `path` varchar(255) CHARACTER SET utf8 COLLATE utf8_general_ci DEFAULT NULL COMMENT 'api路径',
  `description` varchar(255) CHARACTER SET utf8 COLLATE utf8_general_ci DEFAULT NULL COMMENT 'api中文描述',
  `api_group` varchar(255) CHARACTER SET utf8 COLLATE utf8_general_ci DEFAULT NULL COMMENT 'api组',
  `method` varchar(255) CHARACTER SET utf8 COLLATE utf8_general_ci DEFAULT 'POST' COMMENT '方法',
  PRIMARY KEY (`id`) USING BTREE,
  KEY `idx_apis_delete_at` (`delete_at`) USING BTREE
) ENGINE=InnoDB AUTO_INCREMENT=148 DEFAULT CHARSET=utf8 ROW_FORMAT=COMPACT;

-- ----------------------------
-- Records of apis
-- ----------------------------
BEGIN;
INSERT INTO `apis` VALUES (1, '2019-09-28 11:23:49', '2020-07-28 13:37:50', NULL, '/base/login', '用户登录', 'base', 'POST');
INSERT INTO `apis` VALUES (2, '2019-09-28 11:32:46', '2019-09-28 17:06:11', NULL, '/base/register', '用户注册', 'base', 'POST');
INSERT INTO `apis` VALUES (3, '2019-09-28 11:33:41', '2020-05-10 16:33:48', NULL, '/api/createApi', '创建api', 'api', 'POST');
INSERT INTO `apis` VALUES (4, '2019-09-28 14:09:04', '2019-09-28 17:05:59', NULL, '/api/getApiList', '获取api列表', 'api', 'POST');
INSERT INTO `apis` VALUES (5, '2019-09-28 14:15:50', '2019-09-28 17:05:53', NULL, '/api/getApiById', '获取api详细信息', 'api', 'POST');
INSERT INTO `apis` VALUES (7, '2019-09-28 14:19:26', '2019-09-28 17:05:44', NULL, '/api/deleteApi', '删除Api', 'api', 'POST');
INSERT INTO `apis` VALUES (8, '2019-09-28 14:19:48', '2019-09-28 17:05:39', NULL, '/api/updateApi', '更新Api', 'api', 'POST');
INSERT INTO `apis` VALUES (10, '2019-09-30 15:05:38', '2019-09-30 15:05:38', NULL, '/api/getAllApis', '获取所有api', 'api', 'POST');
INSERT INTO `apis` VALUES (11, '2019-09-30 15:23:09', '2019-09-30 15:23:09', NULL, '/authority/createAuthority', '创建角色', 'authority', 'POST');
INSERT INTO `apis` VALUES (12, '2019-09-30 15:23:33', '2019-09-30 15:23:33', NULL, '/authority/deleteAuthority', '删除角色', 'authority', 'POST');
INSERT INTO `apis` VALUES (13, '2019-09-30 15:23:57', '2019-09-30 15:23:57', NULL, '/authority/getAuthorityList', '获取角色列表', 'authority', 'POST');
INSERT INTO `apis` VALUES (14, '2019-09-30 15:24:20', '2019-09-30 15:24:20', NULL, '/menu/getMenu', '获取菜单树', 'menu', 'POST');
INSERT INTO `apis` VALUES (15, '2019-09-30 15:24:50', '2019-09-30 15:24:50', NULL, '/menu/getMenuList', '分页获取基础menu列表', 'menu', 'POST');
INSERT INTO `apis` VALUES (16, '2019-09-30 15:25:07', '2019-09-30 15:25:07', NULL, '/menu/addBaseMenu', '新增菜单', 'menu', 'POST');
INSERT INTO `apis` VALUES (17, '2019-09-30 15:25:25', '2019-09-30 15:25:25', NULL, '/menu/getBaseMenuTree', '获取用户动态路由', 'menu', 'POST');
INSERT INTO `apis` VALUES (18, '2019-09-30 15:25:53', '2019-09-30 15:25:53', NULL, '/menu/addMenuAuthority', '增加menu和角色关联关系', 'menu', 'POST');
INSERT INTO `apis` VALUES (19, '2019-09-30 15:26:20', '2019-09-30 15:26:20', NULL, '/menu/getMenuAuthority', '获取指定角色menu', 'menu', 'POST');
INSERT INTO `apis` VALUES (20, '2019-09-30 15:26:43', '2019-09-30 15:26:43', NULL, '/menu/deleteBaseMenu', '删除菜单', 'menu', 'POST');
INSERT INTO `apis` VALUES (21, '2019-09-30 15:28:05', '2019-09-30 15:28:05', NULL, '/menu/updateBaseMenu', '更新菜单', 'menu', 'POST');
INSERT INTO `apis` VALUES (22, '2019-09-30 15:28:21', '2019-09-30 15:28:21', NULL, '/menu/getBaseMenuById', '根据id获取菜单', 'menu', 'POST');
INSERT INTO `apis` VALUES (23, '2019-09-30 15:29:19', '2019-09-30 15:29:19', NULL, '/user/changePassword', '修改密码', 'user', 'POST');
INSERT INTO `apis` VALUES (24, '2019-09-30 15:29:33', '2019-09-30 15:29:33', NULL, '/user/uploadHeaderImg', '上传头像', 'user', 'POST');
INSERT INTO `apis` VALUES (25, '2019-09-30 15:30:00', '2019-09-30 15:30:00', NULL, '/user/getInfoList', '分页获取用户列表', 'user', 'POST');
INSERT INTO `apis` VALUES (28, '2019-10-09 15:15:17', '2019-10-09 15:17:07', NULL, '/user/getUserList', '获取用户列表', 'user', 'POST');
INSERT INTO `apis` VALUES (29, '2019-10-09 23:01:40', '2019-10-09 23:01:40', NULL, '/user/setUserAuthority', '修改用户角色', 'user', 'POST');
INSERT INTO `apis` VALUES (30, '2019-10-26 20:14:38', '2019-10-26 20:14:38', NULL, '/fileUploadAndDownload/upload', '文件上传示例', 'fileUploadAndDownload', 'POST');
INSERT INTO `apis` VALUES (31, '2019-10-26 20:14:59', '2019-10-26 20:14:59', NULL, '/fileUploadAndDownload/getFileList', '获取上传文件列表', 'fileUploadAndDownload', 'POST');
INSERT INTO `apis` VALUES (32, '2019-12-12 13:28:47', '2019-12-12 13:28:47', NULL, '/casbin/updateCasbin', '更改角色api权限', 'casbin', 'POST');
INSERT INTO `apis` VALUES (33, '2019-12-12 13:28:59', '2019-12-12 13:28:59', NULL, '/casbin/getPolicyPathByAuthorityId', '获取权限列表', 'casbin', 'POST');
INSERT INTO `apis` VALUES (34, '2019-12-12 17:02:15', '2019-12-12 17:02:15', NULL, '/fileUploadAndDownload/deleteFile', '删除文件', 'fileUploadAndDownload', 'POST');
INSERT INTO `apis` VALUES (35, '2019-12-28 18:18:07', '2019-12-28 18:18:07', NULL, '/jwt/jsonInBlacklist', 'jwt加入黑名单', 'jwt', 'POST');
INSERT INTO `apis` VALUES (36, '2020-01-06 17:56:36', '2020-01-06 17:56:36', NULL, '/authority/setDataAuthority', '设置角色资源权限', 'authority', 'POST');
INSERT INTO `apis` VALUES (37, '2020-01-13 14:04:05', '2020-01-13 14:04:05', NULL, '/system/getSystemConfig', '获取配置文件内容', 'system', 'POST');
INSERT INTO `apis` VALUES (38, '2020-01-13 15:02:06', '2020-01-13 15:02:06', NULL, '/system/setSystemConfig', '设置配置文件内容', 'system', 'POST');
INSERT INTO `apis` VALUES (39, '2020-02-25 15:32:39', '2020-02-25 15:32:39', NULL, '/customer/customer', '创建客户', 'customer', 'POST');
INSERT INTO `apis` VALUES (40, '2020-02-25 15:32:51', '2020-02-25 15:34:56', NULL, '/customer/customer', '更新客户', 'customer', 'PUT');
INSERT INTO `apis` VALUES (41, '2020-02-25 15:33:57', '2020-02-25 15:33:57', NULL, '/customer/customer', '删除客户', 'customer', 'DELETE');
INSERT INTO `apis` VALUES (42, '2020-02-25 15:36:48', '2020-02-25 15:37:16', NULL, '/customer/customer', '获取单一客户', 'customer', 'GET');
INSERT INTO `apis` VALUES (43, '2020-02-25 15:37:06', '2020-02-25 15:37:06', NULL, '/customer/customerList', '获取客户列表', 'customer', 'GET');
INSERT INTO `apis` VALUES (44, '2020-03-12 14:36:54', '2020-03-12 14:56:50', NULL, '/casbin/casbinTest/:pathParam', 'RESTFUL模式测试', 'casbin', 'GET');
INSERT INTO `apis` VALUES (45, '2020-03-29 23:01:28', '2020-03-29 23:01:28', NULL, '/autoCode/createTemp', '自动化代码', 'autoCode', 'POST');
INSERT INTO `apis` VALUES (46, '2020-04-15 12:46:58', '2020-04-15 12:46:58', NULL, '/authority/updateAuthority', '更新角色信息', 'authority', 'PUT');
INSERT INTO `apis` VALUES (47, '2020-04-20 15:14:25', '2020-04-20 15:14:25', NULL, '/authority/copyAuthority', '拷贝角色', 'authority', 'POST');
INSERT INTO `apis` VALUES (64, '2020-05-10 16:44:25', '2020-05-10 16:44:25', NULL, '/user/deleteUser', '删除用户', 'user', 'DELETE');
INSERT INTO `apis` VALUES (81, '2020-06-23 18:40:50', '2020-06-23 18:40:50', NULL, '/sysDictionaryDetail/createSysDictionaryDetail', '新增字典内容', 'sysDictionaryDetail', 'POST');
INSERT INTO `apis` VALUES (82, '2020-06-23 18:40:50', '2020-06-23 18:40:50', NULL, '/sysDictionaryDetail/deleteSysDictionaryDetail', '删除字典内容', 'sysDictionaryDetail', 'DELETE');
INSERT INTO `apis` VALUES (83, '2020-06-23 18:40:50', '2020-06-23 18:40:50', NULL, '/sysDictionaryDetail/updateSysDictionaryDetail', '更新字典内容', 'sysDictionaryDetail', 'PUT');
INSERT INTO `apis` VALUES (84, '2020-06-23 18:40:50', '2020-06-23 18:40:50', NULL, '/sysDictionaryDetail/findSysDictionaryDetail', '根据ID获取字典内容', 'sysDictionaryDetail', 'GET');
INSERT INTO `apis` VALUES (85, '2020-06-23 18:40:50', '2020-06-23 18:40:50', NULL, '/sysDictionaryDetail/getSysDictionaryDetailList', '获取字典内容列表', 'sysDictionaryDetail', 'GET');
INSERT INTO `apis` VALUES (86, '2020-06-23 18:48:13', '2020-06-23 18:48:13', NULL, '/sysDictionary/createSysDictionary', '新增字典', 'sysDictionary', 'POST');
INSERT INTO `apis` VALUES (87, '2020-06-23 18:48:13', '2020-06-23 18:48:13', NULL, '/sysDictionary/deleteSysDictionary', '删除字典', 'sysDictionary', 'DELETE');
INSERT INTO `apis` VALUES (88, '2020-06-23 18:48:13', '2020-06-23 18:48:13', NULL, '/sysDictionary/updateSysDictionary', '更新字典', 'sysDictionary', 'PUT');
INSERT INTO `apis` VALUES (89, '2020-06-23 18:48:13', '2020-06-23 18:48:13', NULL, '/sysDictionary/findSysDictionary', '根据ID获取字典', 'sysDictionary', 'GET');
INSERT INTO `apis` VALUES (90, '2020-06-23 18:48:13', '2020-06-23 18:48:13', NULL, '/sysDictionary/getSysDictionaryList', '获取字典列表', 'sysDictionary', 'GET');
COMMIT;

-- ----------------------------
-- Table structure for authorities
-- ----------------------------
DROP TABLE IF EXISTS `authorities`;
CREATE TABLE `authorities` (
  `authority_id` varchar(255) CHARACTER SET utf8 COLLATE utf8_general_ci NOT NULL COMMENT '角色ID',
  `authority_name` varchar(255) CHARACTER SET utf8 COLLATE utf8_general_ci DEFAULT NULL COMMENT '角色名',
  `parent_id` varchar(255) CHARACTER SET utf8 COLLATE utf8_general_ci DEFAULT NULL COMMENT '父角色ID',
  `create_at` datetime DEFAULT NULL COMMENT '创建时间',
  `update_at` datetime DEFAULT NULL COMMENT '更新时间',
  `delete_at` datetime DEFAULT NULL COMMENT '删除时间',
  PRIMARY KEY (`authority_id`) USING BTREE,
  UNIQUE KEY `authority_id` (`authority_id`) USING BTREE,
  KEY `idx_sys_authorities_deleted_at` (`delete_at`) USING BTREE
) ENGINE=InnoDB DEFAULT CHARSET=utf8 ROW_FORMAT=COMPACT;

-- ----------------------------
-- Records of authorities
-- ----------------------------
BEGIN;
INSERT INTO `authorities` VALUES ('888', '超级管理员', '0', '2020-07-22 16:44:33', '2020-07-28 13:15:57', NULL);
INSERT INTO `authorities` VALUES ('8881', '超级管理员子账号', '888', '2020-07-28 14:11:24', '2020-07-28 14:11:27', NULL);
INSERT INTO `authorities` VALUES ('9528', '测试角色', '0', '2020-07-28 14:12:01', '2020-07-28 14:12:06', NULL);
COMMIT;

-- ----------------------------
-- Table structure for authority_menu
-- ----------------------------
DROP TABLE IF EXISTS `authority_menu`;
CREATE TABLE `authority_menu` (
  `authority_id` varchar(255) NOT NULL COMMENT '权限id',
  `menu_id` varchar(255) NOT NULL COMMENT '菜单id',
  KEY `menu_id` (`menu_id`),
  KEY `authority_id` (`authority_id`)
) ENGINE=InnoDB DEFAULT CHARSET=latin1;

-- ----------------------------
-- Records of authority_menu
-- ----------------------------
BEGIN;
INSERT INTO `authority_menu` VALUES ('888', '1');
INSERT INTO `authority_menu` VALUES ('888', '3');
INSERT INTO `authority_menu` VALUES ('888', '4');
INSERT INTO `authority_menu` VALUES ('888', '51');
INSERT INTO `authority_menu` VALUES ('888', '5');
INSERT INTO `authority_menu` VALUES ('888', '6');
INSERT INTO `authority_menu` VALUES ('888', '17');
INSERT INTO `authority_menu` VALUES ('888', '50');
INSERT INTO `authority_menu` VALUES ('888', '52');
INSERT INTO `authority_menu` VALUES ('888', '18');
INSERT INTO `authority_menu` VALUES ('888', '38');
INSERT INTO `authority_menu` VALUES ('888', '40');
INSERT INTO `authority_menu` VALUES ('888', '41');
INSERT INTO `authority_menu` VALUES ('888', '42');
INSERT INTO `authority_menu` VALUES ('888', '19');
INSERT INTO `authority_menu` VALUES ('888', '20');
INSERT INTO `authority_menu` VALUES ('888', '21');
INSERT INTO `authority_menu` VALUES ('888', '22');
INSERT INTO `authority_menu` VALUES ('888', '23');
INSERT INTO `authority_menu` VALUES ('888', '26');
INSERT INTO `authority_menu` VALUES ('888', '33');
INSERT INTO `authority_menu` VALUES ('888', '34');
INSERT INTO `authority_menu` VALUES ('888', '2');
COMMIT;

-- ----------------------------
-- Table structure for authority_resources
-- ----------------------------
DROP TABLE IF EXISTS `authority_resources`;
CREATE TABLE `authority_resources` (
  `authority_id` varchar(255) NOT NULL COMMENT '权限id',
  `resources_id` varchar(255) DEFAULT NULL COMMENT '资源id',
  KEY `resources_id` (`resources_id`),
  KEY `authority_id` (`authority_id`)
) ENGINE=InnoDB DEFAULT CHARSET=latin1;

-- ----------------------------
-- Records of authority_resources
-- ----------------------------
BEGIN;
INSERT INTO `authority_resources` VALUES ('9528', '');
INSERT INTO `authority_resources` VALUES ('9528', '');
INSERT INTO `authority_resources` VALUES ('9528', '');
INSERT INTO `authority_resources` VALUES ('888', '');
INSERT INTO `authority_resources` VALUES ('888', '');
INSERT INTO `authority_resources` VALUES ('888', '');
COMMIT;

-- ----------------------------
-- Table structure for breakpoint_chucks
-- ----------------------------
DROP TABLE IF EXISTS `breakpoint_chucks`;
CREATE TABLE `breakpoint_chucks` (
  `id` int unsigned NOT NULL AUTO_INCREMENT COMMENT '自增ID',
  `create_at` timestamp NULL DEFAULT NULL COMMENT '更新时间',
  `update_at` timestamp NULL DEFAULT NULL COMMENT '更新时间',
  `delete_at` timestamp NULL DEFAULT NULL COMMENT '删除时间',
  `exa_file_id` int unsigned DEFAULT NULL COMMENT '文件id',
  `file_chunk_path` varchar(255) CHARACTER SET utf8 COLLATE utf8_general_ci DEFAULT NULL COMMENT '切片路径',
  `file_chunk_number` int DEFAULT NULL COMMENT '切片标号',
  PRIMARY KEY (`id`) USING BTREE,
  KEY `idx_exa_file_chunks_deleted_at` (`delete_at`) USING BTREE
) ENGINE=InnoDB DEFAULT CHARSET=utf8 ROW_FORMAT=COMPACT;

-- ----------------------------
-- Table structure for breakpoint_files
-- ----------------------------
DROP TABLE IF EXISTS `breakpoint_files`;
CREATE TABLE `breakpoint_files` (
  `id` int unsigned NOT NULL AUTO_INCREMENT COMMENT '自增ID',
  `create_at` timestamp NULL DEFAULT NULL COMMENT '更新时间',
  `update_at` timestamp NULL DEFAULT NULL COMMENT '更新时间',
  `delete_at` timestamp NULL DEFAULT NULL COMMENT '删除时间',
  `file_name` varchar(255) CHARACTER SET utf8 COLLATE utf8_general_ci DEFAULT NULL COMMENT '文件名',
  `file_md5` varchar(255) CHARACTER SET utf8 COLLATE utf8_general_ci DEFAULT NULL COMMENT '文件md5',
  `file_path` varchar(255) CHARACTER SET utf8 COLLATE utf8_general_ci DEFAULT NULL COMMENT '文件路径',
  `chunk_id` int DEFAULT NULL COMMENT '关联id',
  `chunk_total` int DEFAULT NULL COMMENT '切片总数',
  `is_finish` tinyint(1) DEFAULT NULL COMMENT '是否完整',
  PRIMARY KEY (`id`) USING BTREE,
  KEY `idx_breakpoint_files_deleted_at` (`delete_at`) USING BTREE
) ENGINE=InnoDB DEFAULT CHARSET=utf8 ROW_FORMAT=COMPACT;

-- ----------------------------
-- Table structure for casbin_rule
-- ----------------------------
DROP TABLE IF EXISTS `casbin_rule`;
CREATE TABLE `casbin_rule` (
  `ptype` varchar(10) DEFAULT NULL,
  `v0` varchar(256) DEFAULT NULL,
  `v1` varchar(256) DEFAULT NULL,
  `v2` varchar(256) DEFAULT NULL,
  `v3` varchar(256) DEFAULT NULL,
  `v4` varchar(256) DEFAULT NULL,
  `v5` varchar(256) DEFAULT NULL
) ENGINE=InnoDB DEFAULT CHARSET=utf8mb4 COLLATE=utf8mb4_general_ci;

-- ----------------------------
-- Records of casbin_rule
-- ----------------------------
BEGIN;
INSERT INTO `casbin_rule` VALUES ('p', '888', '/base/login', 'POST', '', '', '');
INSERT INTO `casbin_rule` VALUES ('p', '888', '/base/register', 'POST', '', '', '');
INSERT INTO `casbin_rule` VALUES ('p', '888', '/api/createApi', 'POST', '', '', '');
INSERT INTO `casbin_rule` VALUES ('p', '888', '/api/getApiList', 'POST', '', '', '');
INSERT INTO `casbin_rule` VALUES ('p', '888', '/api/getApiById', 'POST', '', '', '');
INSERT INTO `casbin_rule` VALUES ('p', '888', '/api/deleteApi', 'POST', '', '', '');
INSERT INTO `casbin_rule` VALUES ('p', '888', '/api/updateApi', 'POST', '', '', '');
INSERT INTO `casbin_rule` VALUES ('p', '888', '/api/getAllApis', 'POST', '', '', '');
INSERT INTO `casbin_rule` VALUES ('p', '888', '/authority/createAuthority', 'POST', '', '', '');
INSERT INTO `casbin_rule` VALUES ('p', '888', '/authority/deleteAuthority', 'POST', '', '', '');
INSERT INTO `casbin_rule` VALUES ('p', '888', '/authority/getAuthorityList', 'POST', '', '', '');
INSERT INTO `casbin_rule` VALUES ('p', '888', '/authority/setDataAuthority', 'POST', '', '', '');
INSERT INTO `casbin_rule` VALUES ('p', '888', '/authority/updateAuthority', 'PUT', '', '', '');
INSERT INTO `casbin_rule` VALUES ('p', '888', '/authority/copyAuthority', 'POST', '', '', '');
INSERT INTO `casbin_rule` VALUES ('p', '888', '/menu/getMenu', 'POST', '', '', '');
INSERT INTO `casbin_rule` VALUES ('p', '888', '/menu/getMenuList', 'POST', '', '', '');
INSERT INTO `casbin_rule` VALUES ('p', '888', '/menu/addBaseMenu', 'POST', '', '', '');
INSERT INTO `casbin_rule` VALUES ('p', '888', '/menu/getBaseMenuTree', 'POST', '', '', '');
INSERT INTO `casbin_rule` VALUES ('p', '888', '/menu/addMenuAuthority', 'POST', '', '', '');
INSERT INTO `casbin_rule` VALUES ('p', '888', '/menu/getMenuAuthority', 'POST', '', '', '');
INSERT INTO `casbin_rule` VALUES ('p', '888', '/menu/deleteBaseMenu', 'POST', '', '', '');
INSERT INTO `casbin_rule` VALUES ('p', '888', '/menu/updateBaseMenu', 'POST', '', '', '');
INSERT INTO `casbin_rule` VALUES ('p', '888', '/menu/getBaseMenuById', 'POST', '', '', '');
INSERT INTO `casbin_rule` VALUES ('p', '888', '/user/changePassword', 'POST', '', '', '');
INSERT INTO `casbin_rule` VALUES ('p', '888', '/user/uploadHeaderImg', 'POST', '', '', '');
INSERT INTO `casbin_rule` VALUES ('p', '888', '/user/getInfoList', 'POST', '', '', '');
INSERT INTO `casbin_rule` VALUES ('p', '888', '/user/getUserList', 'POST', '', '', '');
INSERT INTO `casbin_rule` VALUES ('p', '888', '/user/setUserAuthority', 'POST', '', '', '');
INSERT INTO `casbin_rule` VALUES ('p', '888', '/user/deleteUser', 'DELETE', '', '', '');
INSERT INTO `casbin_rule` VALUES ('p', '888', '/fileUploadAndDownload/upload', 'POST', '', '', '');
INSERT INTO `casbin_rule` VALUES ('p', '888', '/fileUploadAndDownload/getFileList', 'POST', '', '', '');
INSERT INTO `casbin_rule` VALUES ('p', '888', '/fileUploadAndDownload/deleteFile', 'POST', '', '', '');
INSERT INTO `casbin_rule` VALUES ('p', '888', '/casbin/updateCasbin', 'POST', '', '', '');
INSERT INTO `casbin_rule` VALUES ('p', '888', '/casbin/getPolicyPathByAuthorityId', 'POST', '', '', '');
INSERT INTO `casbin_rule` VALUES ('p', '888', '/casbin/casbinTest/:pathParam', 'GET', '', '', '');
INSERT INTO `casbin_rule` VALUES ('p', '888', '/jwt/jsonInBlacklist', 'POST', '', '', '');
INSERT INTO `casbin_rule` VALUES ('p', '888', '/system/getSystemConfig', 'POST', '', '', '');
INSERT INTO `casbin_rule` VALUES ('p', '888', '/system/setSystemConfig', 'POST', '', '', '');
INSERT INTO `casbin_rule` VALUES ('p', '888', '/customer/customer', 'POST', '', '', '');
INSERT INTO `casbin_rule` VALUES ('p', '888', '/customer/customer', 'PUT', '', '', '');
INSERT INTO `casbin_rule` VALUES ('p', '888', '/customer/customer', 'DELETE', '', '', '');
INSERT INTO `casbin_rule` VALUES ('p', '888', '/customer/customer', 'GET', '', '', '');
INSERT INTO `casbin_rule` VALUES ('p', '888', '/customer/customerList', 'GET', '', '', '');
INSERT INTO `casbin_rule` VALUES ('p', '888', '/autoCode/createTemp', 'POST', '', '', '');
INSERT INTO `casbin_rule` VALUES ('p', '888', '/autoCode/getTables', 'GET', '', '', '');
INSERT INTO `casbin_rule` VALUES ('p', '888', '/autoCode/getDB', 'GET', '', '', '');
INSERT INTO `casbin_rule` VALUES ('p', '888', '/autoCode/getColume', 'GET', '', '', '');
INSERT INTO `casbin_rule` VALUES ('p', '888', '/sysDictionaryDetail/createSysDictionaryDetail', 'POST', '', '', '');
INSERT INTO `casbin_rule` VALUES ('p', '888', '/sysDictionaryDetail/deleteSysDictionaryDetail', 'DELETE', '', '', '');
INSERT INTO `casbin_rule` VALUES ('p', '888', '/sysDictionaryDetail/updateSysDictionaryDetail', 'PUT', '', '', '');
INSERT INTO `casbin_rule` VALUES ('p', '888', '/sysDictionaryDetail/findSysDictionaryDetail', 'GET', '', '', '');
INSERT INTO `casbin_rule` VALUES ('p', '888', '/sysDictionaryDetail/getSysDictionaryDetailList', 'GET', '', '', '');
INSERT INTO `casbin_rule` VALUES ('p', '888', '/sysDictionary/createSysDictionary', 'POST', '', '', '');
INSERT INTO `casbin_rule` VALUES ('p', '888', '/sysDictionary/deleteSysDictionary', 'DELETE', '', '', '');
INSERT INTO `casbin_rule` VALUES ('p', '888', '/sysDictionary/updateSysDictionary', 'PUT', '', '', '');
INSERT INTO `casbin_rule` VALUES ('p', '888', '/sysDictionary/findSysDictionary', 'GET', '', '', '');
INSERT INTO `casbin_rule` VALUES ('p', '888', '/sysDictionary/getSysDictionaryList', 'GET', '', '', '');
INSERT INTO `casbin_rule` VALUES ('p', '888', '/sysOperationRecord/createSysOperationRecord', 'POST', '', '', '');
INSERT INTO `casbin_rule` VALUES ('p', '888', '/sysOperationRecord/deleteSysOperationRecord', 'DELETE', '', '', '');
INSERT INTO `casbin_rule` VALUES ('p', '888', '/sysOperationRecord/updateSysOperationRecord', 'PUT', '', '', '');
INSERT INTO `casbin_rule` VALUES ('p', '888', '/sysOperationRecord/findSysOperationRecord', 'GET', '', '', '');
INSERT INTO `casbin_rule` VALUES ('p', '888', '/sysOperationRecord/getSysOperationRecordList', 'GET', '', '', '');
INSERT INTO `casbin_rule` VALUES ('p', '888', '/sysOperationRecord/deleteSysOperationRecordByIds', 'DELETE', '', '', '');
COMMIT;

-- ----------------------------
-- Table structure for customers
-- ----------------------------
DROP TABLE IF EXISTS `customers`;
CREATE TABLE `customers` (
  `id` int unsigned NOT NULL AUTO_INCREMENT COMMENT '自增ID',
  `create_at` timestamp NULL DEFAULT NULL COMMENT '创建时间',
  `update_at` timestamp NULL DEFAULT NULL COMMENT '更新时间',
  `delete_at` timestamp NULL DEFAULT NULL COMMENT '删除时间',
  `customer_name` varchar(255) CHARACTER SET utf8mb4 COLLATE utf8mb4_bin DEFAULT NULL COMMENT '客户名',
  `customer_phone_data` varchar(255) CHARACTER SET utf8 COLLATE utf8_general_ci DEFAULT NULL COMMENT '客户电话',
  `sys_user_id` int unsigned DEFAULT NULL COMMENT '负责员工id',
  `sys_user_authority_id` varchar(255) CHARACTER SET utf8 COLLATE utf8_general_ci DEFAULT NULL COMMENT '负责员工角色',
  PRIMARY KEY (`id`) USING BTREE,
  KEY `idx_exa_customers_deleted_at` (`delete_at`) USING BTREE
) ENGINE=InnoDB AUTO_INCREMENT=2 DEFAULT CHARSET=utf8mb4 COLLATE=utf8mb4_bin ROW_FORMAT=COMPACT;

-- ----------------------------
-- Table structure for dictionaries
-- ----------------------------
DROP TABLE IF EXISTS `dictionaries`;
CREATE TABLE `dictionaries` (
  `id` int unsigned NOT NULL AUTO_INCREMENT COMMENT '自增ID',
  `create_at` datetime DEFAULT NULL COMMENT '创建时间',
  `update_at` datetime DEFAULT NULL COMMENT '更新时间',
  `delete_at` datetime DEFAULT NULL COMMENT '删除时间',
  `name` varchar(255) CHARACTER SET utf8 COLLATE utf8_general_ci DEFAULT NULL COMMENT '字典名（中）',
  `type` varchar(255) CHARACTER SET utf8 COLLATE utf8_general_ci DEFAULT NULL COMMENT '字典名（英）',
  `status` tinyint(1) DEFAULT NULL COMMENT '状态',
  `desc` varchar(255) CHARACTER SET utf8 COLLATE utf8_general_ci DEFAULT NULL COMMENT '描述',
  PRIMARY KEY (`id`) USING BTREE,
  KEY `idx_sys_dictionaries_deleted_at` (`delete_at`) USING BTREE
) ENGINE=InnoDB AUTO_INCREMENT=13 DEFAULT CHARSET=utf8 ROW_FORMAT=COMPACT;

-- ----------------------------
-- Records of dictionaries
-- ----------------------------
BEGIN;
INSERT INTO `dictionaries` VALUES (2, '2020-06-24 20:44:00', '2020-06-24 20:44:00', NULL, '性别', 'sex', 1, '性别字典');
INSERT INTO `dictionaries` VALUES (8, '2020-07-29 13:39:42', '2020-07-29 15:54:52', NULL, '数据库int类型', 'int', 1, '数据库int类型');
INSERT INTO `dictionaries` VALUES (9, '2020-07-29 14:42:55', '2020-07-29 14:42:55', NULL, '数据库时间日期类型', 'time.Time', 1, '数据库时间日期类型');
INSERT INTO `dictionaries` VALUES (10, '2020-07-29 14:46:07', '2020-07-29 14:46:07', NULL, '数据库浮点型', 'float64', 1, '数据库浮点型');
INSERT INTO `dictionaries` VALUES (11, '2020-07-29 14:46:24', '2020-07-29 14:46:24', NULL, '数据库字符串', 'string', 1, '数据库字符串');
INSERT INTO `dictionaries` VALUES (12, '2020-07-29 14:46:41', '2020-07-29 14:46:41', NULL, '数据库bool类型', 'bool', 1, '数据库bool类型');
COMMIT;

-- ----------------------------
-- Table structure for dictionary_details
-- ----------------------------
DROP TABLE IF EXISTS `dictionary_details`;
CREATE TABLE `dictionary_details` (
  `id` int unsigned NOT NULL AUTO_INCREMENT COMMENT '自增ID',
  `create_at` datetime DEFAULT NULL COMMENT '创建时间',
  `update_at` datetime DEFAULT NULL COMMENT '更新时间',
  `delete_at` datetime DEFAULT NULL COMMENT '删除时间',
  `label` varchar(255) CHARACTER SET utf8 COLLATE utf8_general_ci DEFAULT NULL COMMENT '展示值',
  `value` int DEFAULT NULL COMMENT '字典值',
  `status` tinyint(1) DEFAULT NULL COMMENT '启用状态',
  `sort` int DEFAULT NULL COMMENT '排序标记',
  `dictionary_id` int DEFAULT NULL COMMENT '关联标记',
  PRIMARY KEY (`id`) USING BTREE,
  KEY `idx_sys_dictionary_details_deleted_at` (`delete_at`) USING BTREE
) ENGINE=InnoDB AUTO_INCREMENT=66 DEFAULT CHARSET=utf8 ROW_FORMAT=COMPACT;

-- ----------------------------
-- Records of dictionary_details
-- ----------------------------
BEGIN;
INSERT INTO `dictionary_details` VALUES (42, '2020-07-29 13:49:39', '2020-07-29 13:49:39', NULL, 'smallint', 1, 1, 1, 8);
INSERT INTO `dictionary_details` VALUES (43, '2020-07-29 13:49:50', '2020-07-29 13:49:50', NULL, 'mediumint', 2, 1, 2, 8);
INSERT INTO `dictionary_details` VALUES (44, '2020-07-29 13:50:00', '2020-07-29 13:50:00', NULL, 'int', 3, 1, 3, 8);
INSERT INTO `dictionary_details` VALUES (45, '2020-07-29 13:50:14', '2020-07-29 14:38:33', NULL, 'bigint', 4, 1, 4, 8);
INSERT INTO `dictionary_details` VALUES (46, '2020-07-29 14:38:46', '2020-07-29 14:38:46', '2020-07-29 14:38:53', 'test', 5, 1, 5, 8);
INSERT INTO `dictionary_details` VALUES (47, '2020-07-29 14:44:58', '2020-07-29 14:44:58', NULL, 'data', 0, 1, 0, 9);
INSERT INTO `dictionary_details` VALUES (48, '2020-07-29 14:45:06', '2020-07-29 14:45:06', NULL, 'time', 1, 1, 1, 9);
INSERT INTO `dictionary_details` VALUES (49, '2020-07-29 14:45:13', '2020-07-29 14:45:29', NULL, 'year', 2, 1, 2, 9);
INSERT INTO `dictionary_details` VALUES (50, '2020-07-29 14:45:34', '2020-07-29 14:45:34', NULL, 'datetime', 3, 1, 3, 9);
INSERT INTO `dictionary_details` VALUES (51, '2020-07-29 14:45:45', '2020-07-29 14:45:45', NULL, 'timestamp', 4, 1, 4, 9);
INSERT INTO `dictionary_details` VALUES (52, '2020-07-29 14:47:02', '2020-07-29 14:47:02', NULL, 'tinyint', 0, 1, 0, 12);
INSERT INTO `dictionary_details` VALUES (53, '2020-07-29 14:48:59', '2020-07-29 14:48:59', NULL, 'char', 0, 1, 0, 11);
INSERT INTO `dictionary_details` VALUES (54, '2020-07-29 14:49:05', '2020-07-29 14:49:05', NULL, 'varchar', 1, 1, 1, 11);
INSERT INTO `dictionary_details` VALUES (55, '2020-07-29 14:49:15', '2020-07-29 14:49:15', NULL, 'tinyblob', 2, 1, 2, 11);
INSERT INTO `dictionary_details` VALUES (56, '2020-07-29 14:49:27', '2020-07-29 14:49:27', NULL, 'tinytext', 3, 1, 3, 11);
INSERT INTO `dictionary_details` VALUES (57, '2020-07-29 14:49:45', '2020-07-29 14:49:45', NULL, 'text', 4, 1, 4, 11);
INSERT INTO `dictionary_details` VALUES (58, '2020-07-29 14:50:00', '2020-07-29 14:50:00', NULL, 'blob', 5, 1, 5, 11);
INSERT INTO `dictionary_details` VALUES (59, '2020-07-29 14:50:10', '2020-07-29 14:50:10', NULL, 'mediumblob', 6, 1, 6, 11);
INSERT INTO `dictionary_details` VALUES (60, '2020-07-29 14:50:17', '2020-07-29 14:50:17', NULL, 'mediumtext', 7, 1, 7, 11);
INSERT INTO `dictionary_details` VALUES (61, '2020-07-29 14:50:24', '2020-07-29 14:50:24', NULL, 'longblob', 8, 1, 8, 11);
INSERT INTO `dictionary_details` VALUES (62, '2020-07-29 14:50:35', '2020-07-29 14:50:35', NULL, 'longtext', 9, 1, 9, 11);
INSERT INTO `dictionary_details` VALUES (63, '2020-07-29 14:51:03', '2020-07-29 14:51:03', NULL, 'float', 0, 1, 0, 10);
INSERT INTO `dictionary_details` VALUES (64, '2020-07-29 14:51:07', '2020-07-29 14:51:07', NULL, 'double', 1, 1, 1, 10);
INSERT INTO `dictionary_details` VALUES (65, '2020-07-29 14:51:13', '2020-07-29 14:51:13', NULL, 'decimal', 2, 1, 2, 10);
COMMIT;

-- ----------------------------
-- Table structure for files
-- ----------------------------
DROP TABLE IF EXISTS `files`;
CREATE TABLE `files` (
  `id` int unsigned NOT NULL AUTO_INCREMENT COMMENT '自增ID',
  `create_at` timestamp NULL DEFAULT NULL COMMENT '创建时间',
  `update_at` timestamp NULL DEFAULT NULL COMMENT '更新时间',
  `delete_at` timestamp NULL DEFAULT NULL COMMENT '删除时间',
  `name` varchar(255) CHARACTER SET utf8 COLLATE utf8_general_ci DEFAULT NULL COMMENT '文件名',
  `url` varchar(255) CHARACTER SET utf8 COLLATE utf8_general_ci DEFAULT NULL COMMENT '文件地址',
  `tag` varchar(255) CHARACTER SET utf8 COLLATE utf8_general_ci DEFAULT NULL COMMENT '文件标签',
  `key` varchar(255) CHARACTER SET utf8 COLLATE utf8_general_ci DEFAULT NULL COMMENT '编号',
  PRIMARY KEY (`id`) USING BTREE,
  KEY `idx_files_deleted_at` (`delete_at`) USING BTREE
) ENGINE=InnoDB AUTO_INCREMENT=24 DEFAULT CHARSET=utf8 ROW_FORMAT=COMPACT;

-- ----------------------------
-- Table structure for jwts
-- ----------------------------
DROP TABLE IF EXISTS `jwts`;
CREATE TABLE `jwts` (
  `id` int unsigned NOT NULL AUTO_INCREMENT COMMENT '自增ID',
  `create_at` timestamp NULL DEFAULT NULL COMMENT '更新时间',
  `update_at` timestamp NULL DEFAULT NULL COMMENT '更新时间',
  `delete_at` timestamp NULL DEFAULT NULL COMMENT '删除时间',
  `jwt` text CHARACTER SET utf8 COLLATE utf8_general_ci COMMENT 'jwt',
  PRIMARY KEY (`id`) USING BTREE,
  KEY `idx_jwts_deleted_at` (`delete_at`) USING BTREE
) ENGINE=InnoDB AUTO_INCREMENT=145 DEFAULT CHARSET=utf8 ROW_FORMAT=COMPACT;

-- ----------------------------
-- Table structure for menus
-- ----------------------------
DROP TABLE IF EXISTS `menus`;
CREATE TABLE `menus` (
  `id` int unsigned NOT NULL AUTO_INCREMENT COMMENT '自增ID',
  `create_at` timestamp NULL DEFAULT NULL COMMENT '创建时间',
  `update_at` timestamp NULL DEFAULT NULL COMMENT '更新时间',
  `delete_at` timestamp NULL DEFAULT NULL COMMENT '删除时间',
  `menu_level` int unsigned DEFAULT NULL COMMENT '菜单等级(预留字段)',
  `parent_id` varchar(255) DEFAULT NULL COMMENT '父菜单ID',
  `path` varchar(255) CHARACTER SET utf8 COLLATE utf8_general_ci DEFAULT NULL COMMENT '路由path',
  `name` varchar(255) CHARACTER SET utf8 COLLATE utf8_general_ci DEFAULT NULL COMMENT '路由name',
  `hidden` tinyint(1) DEFAULT NULL COMMENT '是否在列表隐藏',
  `component` varchar(255) CHARACTER SET utf8 COLLATE utf8_general_ci DEFAULT NULL COMMENT '前端文件路径',
  `title` varchar(255) CHARACTER SET utf8 COLLATE utf8_general_ci DEFAULT NULL COMMENT '菜单名',
  `icon` varchar(255) CHARACTER SET utf8 COLLATE utf8_general_ci DEFAULT NULL COMMENT '菜单图标',
  `sort` int DEFAULT NULL COMMENT '排序标记',
  `keep_alive` tinyint(1) DEFAULT NULL COMMENT '是否缓存',
  `default_menu` tinyint(1) DEFAULT NULL COMMENT '是否是基础路由(开发中)',
  PRIMARY KEY (`id`) USING BTREE,
  KEY `idx_menus_deleted_at` (`delete_at`) USING BTREE
) ENGINE=InnoDB AUTO_INCREMENT=513 DEFAULT CHARSET=utf8 ROW_FORMAT=COMPACT;

-- ----------------------------
-- Records of menus
-- ----------------------------
BEGIN;
INSERT INTO `menus` VALUES (1, '2019-09-19 22:05:18', '2020-05-30 15:43:06', NULL, 0, '0', 'dashboard', 'dashboard', 0, 'view/dashboard/index.vue', '仪表盘', 'setting', 1, 0, 0);
INSERT INTO `menus` VALUES (2, '2019-09-19 22:06:17', '2020-05-10 21:31:50', NULL, 0, '0', 'about', 'about', 0, 'view/about/index.vue', '关于我们', 'info', 7, 0, 0);
INSERT INTO `menus` VALUES (3, '2019-09-19 22:06:38', '2020-04-24 10:16:43', NULL, 0, '0', 'admin', 'superAdmin', 0, 'view/superAdmin/index.vue', '超级管理员', 'user-solid', 3, 0, 0);
INSERT INTO `menus` VALUES (4, '2019-09-19 22:11:53', '2020-05-30 15:43:25', NULL, 0, '3', 'authority', 'authority', 0, 'view/superAdmin/authority/authority.vue', '角色管理', 's-custom', 1, 0, 0);
INSERT INTO `menus` VALUES (5, '2019-09-19 22:13:18', '2020-04-30 17:45:27', NULL, 0, '3', 'menu', 'menu', 0, 'view/superAdmin/menu/menu.vue', '菜单管理', 's-order', 2, 1, 0);
INSERT INTO `menus` VALUES (6, '2019-09-19 22:13:36', '2020-04-24 10:16:43', NULL, 0, '3', 'api', 'api', 0, 'view/superAdmin/api/api.vue', 'api管理', 's-platform', 3, 1, 0);
INSERT INTO `menus` VALUES (17, '2019-10-09 15:12:29', '2020-04-24 10:16:43', NULL, 0, '3', 'user', 'user', 0, 'view/superAdmin/user/user.vue', '用户管理', 'coordinate', 4, 0, 0);
INSERT INTO `menus` VALUES (18, '2019-10-15 22:27:22', '2020-05-10 21:31:36', NULL, 0, '0', 'person', 'person', 1, 'view/person/person.vue', '个人信息', 'message-solid', 4, 0, 0);
INSERT INTO `menus` VALUES (19, '2019-10-20 11:14:42', '2020-04-24 10:16:43', NULL, 0, '0', 'example', 'example', 0, 'view/example/index.vue', '示例文件', 's-management', 6, 0, 0);
INSERT INTO `menus` VALUES (20, '2019-10-20 11:18:11', '2020-04-24 10:16:42', NULL, 0, '19', 'table', 'table', 0, 'view/example/table/table.vue', '表格示例', 's-order', 1, 0, 0);
INSERT INTO `menus` VALUES (21, '2019-10-20 11:19:52', '2020-04-24 10:16:43', NULL, 0, '19', 'form', 'form', 0, 'view/example/form/form.vue', '表单示例', 'document', 2, 0, 0);
INSERT INTO `menus` VALUES (22, '2019-10-20 11:22:19', '2020-04-24 10:16:43', NULL, 0, '19', 'rte', 'rte', 0, 'view/example/rte/rte.vue', '富文本编辑器', 'reading', 3, 0, 0);
INSERT INTO `menus` VALUES (23, '2019-10-20 11:23:39', '2020-04-24 10:16:43', NULL, 0, '19', 'excel', 'excel', 0, 'view/example/excel/excel.vue', 'excel导入导出', 's-marketing', 4, 0, 0);
INSERT INTO `menus` VALUES (26, '2019-10-20 11:27:02', '2020-04-24 10:16:43', NULL, 0, '19', 'upload', 'upload', 0, 'view/example/upload/upload.vue', '上传下载', 'upload', 5, 0, 0);
INSERT INTO `menus` VALUES (33, '2020-02-17 16:20:47', '2020-04-24 10:16:43', NULL, 0, '19', 'breakpoint', 'breakpoint', 0, 'view/example/breakpoint/breakpoint.vue', '断点续传', 'upload', 6, 0, 0);
INSERT INTO `menus` VALUES (34, '2020-02-24 19:48:37', '2020-04-24 10:16:43', NULL, 0, '19', 'customer', 'customer', 0, 'view/example/customer/customer.vue', '客户列表（资源示例）', 's-custom', 7, 0, 0);
INSERT INTO `menus` VALUES (38, '2020-03-29 21:31:03', '2020-04-24 10:16:43', NULL, 0, '0', 'systemTools', 'systemTools', 0, 'view/systemTools/index.vue', '系统工具', 's-cooperation', 5, 0, 0);
INSERT INTO `menus` VALUES (40, '2020-03-29 21:35:10', '2020-05-03 21:38:49', NULL, 0, '38', 'autoCode', 'autoCode', 0, 'view/systemTools/autoCode/index.vue', '代码生成器', 'cpu', 1, 1, 0);
INSERT INTO `menus` VALUES (41, '2020-03-29 21:36:26', '2020-05-03 21:38:43', NULL, 0, '38', 'formCreate', 'formCreate', 0, 'view/systemTools/formCreate/index.vue', '表单生成器', 'magic-stick', 2, 1, 0);
INSERT INTO `menus` VALUES (42, '2020-04-02 14:19:36', '2020-04-24 10:16:43', NULL, 0, '38', 'system', 'system', 0, 'view/systemTools/system/system.vue', '系统配置', 's-operation', 3, 0, 0);
INSERT INTO `menus` VALUES (45, '2020-04-29 17:19:34', '2020-04-30 17:44:44', NULL, 0, '0', 'iconList', 'iconList', 0, 'view/iconList/index.vue', '图标集合', 'star-on', 2, 0, 0);
INSERT INTO `menus` VALUES (50, '2020-06-24 19:49:54', '2020-06-28 20:34:47', NULL, 0, '3', 'dictionary', 'dictionary', 0, 'view/superAdmin/dictionary/sysDictionary.vue', '字典管理', 'notebook-2', 5, 0, 0);
INSERT INTO `menus` VALUES (51, '2020-06-24 19:51:33', '2020-06-28 20:35:04', NULL, 0, '3', 'dictionaryDetail/:id', 'dictionaryDetail', 1, 'view/superAdmin/dictionary/sysDictionaryDetail.vue', '字典详情', 's-order', 1, 0, 0);
INSERT INTO `menus` VALUES (52, '2020-06-29 13:31:17', '2020-07-07 16:05:34', NULL, 0, '3', 'operation', 'operation', 0, 'view/superAdmin/operation/sysOperationRecord.vue', '操作历史', 'time', 6, 0, 0);
INSERT INTO `menus` VALUES (512, '2020-06-24 19:51:33', '2020-06-28 20:35:04', '2020-07-24 15:19:01', 0, '3', 'dictionaryDetail/:id', 'dictionaryDetail', 1, 'view/superAdmin/dictionary/sysDictionaryDetail.vue', '字典详情', 's-order', 1, 0, 0);
COMMIT;

-- ----------------------------
-- Table structure for operations
-- ----------------------------
DROP TABLE IF EXISTS `operations`;
CREATE TABLE `operations` (
  `id` int unsigned NOT NULL AUTO_INCREMENT COMMENT '自增ID',
  `create_at` datetime DEFAULT NULL COMMENT '创建时间',
  `update_at` datetime DEFAULT NULL COMMENT '更新时间',
  `delete_at` datetime DEFAULT NULL COMMENT '删除时间',
  `ip` varchar(255) CHARACTER SET utf8mb4 COLLATE utf8mb4_bin DEFAULT NULL COMMENT '请求ip',
  `method` varchar(255) CHARACTER SET utf8mb4 COLLATE utf8mb4_bin DEFAULT NULL COMMENT '请求方法',
  `path` varchar(255) CHARACTER SET utf8mb4 COLLATE utf8mb4_bin DEFAULT NULL COMMENT '请求路由',
  `status` int DEFAULT NULL COMMENT '状态',
  `latency` bigint DEFAULT NULL COMMENT '延迟',
  `agent` varchar(255) CHARACTER SET utf8mb4 COLLATE utf8mb4_bin DEFAULT NULL COMMENT '代理',
  `error_message` varchar(255) CHARACTER SET utf8mb4 COLLATE utf8mb4_bin DEFAULT NULL COMMENT '报错信息',
  `request` text CHARACTER SET utf8mb4 COLLATE utf8mb4_bin COMMENT '请求Body',
  `user_id` int DEFAULT NULL COMMENT '用户id',
  `response` text CHARACTER SET utf8mb4 COLLATE utf8mb4_bin COMMENT '响应Body',
  PRIMARY KEY (`id`) USING BTREE,
  KEY `idx_operations_deleted_at` (`delete_at`) USING BTREE
) ENGINE=InnoDB AUTO_INCREMENT=392 DEFAULT CHARSET=utf8mb4 COLLATE=utf8mb4_bin ROW_FORMAT=COMPACT;

SET FOREIGN_KEY_CHECKS = 1;
